sg_mothership	머더십	사회	SG	B	en	https://mothership.sg/feed/
sg_independent	인디펜던트 싱가포르	정치	SG	B	en	https://theindependent.sg/feed/
sg_mustshare	머스트셰어뉴스	사회	SG	C	en	https://mustsharenews.com/feed/
sg_st_world	스트레이츠타임스 세계	국제	SG	B	en	https://www.straitstimes.com/news/world/rss.xml
sg_st_tech	스트레이츠타임스 테크	테크	SG	B	en	https://www.straitstimes.com/news/tech/rss.xml
sg_st_sport	스트레이츠타임스 스포츠	스포츠	SG	B	en	https://www.straitstimes.com/news/sport/rss.xml
sg_st_life	스트레이츠타임스 라이프	문화	SG	B	en	https://www.straitstimes.com/news/life/rss.xml
sg_cna_asia	CNA 아시아	국제	SG	B	en	https://www.channelnewsasia.com/api/v1/rss-outbound-feed?_format=xml&category=6511
sg_cna_world	CNA 세계	국제	SG	B	en	https://www.channelnewsasia.com/api/v1/rss-outbound-feed?_format=xml&category=6311
sg_cna_sport	CNA 스포츠	스포츠	SG	B	en	https://www.channelnewsasia.com/api/v1/rss-outbound-feed?_format=xml&category=10296
sg_zaobao	연합조보 싱가포르	사회	SG	B	zh	https://www.zaobao.com.sg/rss/realtime/singapore
sg_edge	디엣지 싱가포르	금융경제	SG	B	en	https://www.theedgesingapore.com/rss.xml
sg_gnews_search	구글뉴스 검색: 싱가포르	사회	SG	B	en	https://news.google.com/rss/search?q=Singapore+when:1d&hl=en-SG&gl=SG&ceid=SG:en
gb_bbc_uk	BBC 영국	사회	GB	B	en	https://feeds.bbci.co.uk/news/uk/rss.xml
gb_bbc_world	BBC 세계	국제	GB	B	en	https://feeds.bbci.co.uk/news/world/rss.xml
gb_bbc_tech	BBC 테크	테크	GB	B	en	https://feeds.bbci.co.uk/news/technology/rss.xml
gb_bbc_ent	BBC 문화	문화	GB	B	en	https://feeds.bbci.co.uk/news/entertainment_and_arts/rss.xml
gb_bbc_health	BBC 건강	사회	GB	B	en	https://feeds.bbci.co.uk/news/health/rss.xml
gb_bbc_sport	BBC 스포츠	스포츠	GB	B	en	https://feeds.bbci.co.uk/sport/rss.xml
gb_bbc_scotland	BBC 스코틀랜드	사회	GB	B	en	https://feeds.bbci.co.uk/news/scotland/rss.xml
gb_guardian_politics	가디언 정치	정치	GB	B	en	https://www.theguardian.com/politics/rss
gb_guardian_world	가디언 세계	국제	GB	B	en	https://www.theguardian.com/world/rss
gb_guardian_sport	가디언 스포츠	스포츠	GB	B	en	https://www.theguardian.com/uk/sport/rss
gb_guardian_culture	가디언 문화	문화	GB	B	en	https://www.theguardian.com/uk/culture/rss
gb_guardian_tech	가디언 테크	테크	GB	B	en	https://www.theguardian.com/uk/technology/rss
gb_independent	인디펜던트 영국	사회	GB	B	en	https://www.independent.co.uk/news/uk/rss
gb_telegraph	텔레그래프	국제	GB	B	en	https://www.telegraph.co.uk/rss.xml
gb_sky_politics	스카이뉴스 정치	정치	GB	B	en	https://feeds.skynews.com/feeds/rss/politics.xml
gb_sky_business	스카이뉴스 비즈니스	금융경제	GB	B	en	https://feeds.skynews.com/feeds/rss/business.xml
gb_ft_uk	FT 영국	금융경제	GB	B	en	https://www.ft.com/rss/home/uk
gb_cityam	시티AM	금융경제	GB	B	en	https://www.cityam.com/feed/
gb_standard	이브닝스탠더드	사회	GB	B	en	https://www.standard.co.uk/news/rss
gb_mirror	미러	사회	GB	B	en	https://www.mirror.co.uk/news/?service=rss
gb_dailymail	데일리메일	사회	GB	B	en	https://www.dailymail.co.uk/news/index.rss
au_abc_top	ABC 호주 주요뉴스	국제	AU	B	en	https://www.abc.net.au/news/feed/2942460/rss.xml
au_newscom	news.com.au 전국	사회	AU	B	en	https://www.news.com.au/content-feeds/latest-news-national/
au_9news	9뉴스	사회	AU	B	en	https://www.9news.com.au/rss
au_skynews	스카이뉴스 호주	정치	AU	B	en	https://www.skynews.com.au/feed
au_guardian_politics	가디언 호주 정치	정치	AU	B	en	https://www.theguardian.com/australia-news/australian-politics/rss
au_smh_politics	SMH 연방정치	정치	AU	B	en	https://www.smh.com.au/rss/politics/federal.xml
au_smh_business	SMH 비즈니스	금융경제	AU	B	en	https://www.smh.com.au/rss/business.xml
au_smh_sport	SMH 스포츠	스포츠	AU	B	en	https://www.smh.com.au/rss/sport.xml
au_crikey	크리키	정치	AU	C	en	https://www.crikey.com.au/feed/
au_conversation	더컨버세이션 호주	사회	AU	C	en	https://theconversation.com/au/articles.atom
au_brisbanetimes	브리즈번타임스	사회	AU	B	en	https://www.brisbanetimes.com.au/rss/feed.xml
au_watoday	WA투데이	사회	AU	B	en	https://www.watoday.com.au/rss/feed.xml
au_afr	AFR	금융경제	AU	B	en	https://www.afr.com/rss
it_ansa_cronaca	ANSA 사회	사회	IT	B	it	https://www.ansa.it/sito/notizie/cronaca/cronaca_rss.xml
it_ansa_mondo	ANSA 세계	국제	IT	B	it	https://www.ansa.it/sito/notizie/mondo/mondo_rss.xml
it_ansa_sport	ANSA 스포츠	스포츠	IT	B	it	https://www.ansa.it/sito/notizie/sport/sport_rss.xml
it_ansa_cultura	ANSA 문화	문화	IT	B	it	https://www.ansa.it/sito/notizie/cultura/cultura_rss.xml
it_ansa_tech	ANSA 테크	테크	IT	B	it	https://www.ansa.it/sito/notizie/tecnologia/tecnologia_rss.xml
it_tgcom24	TGCom24	사회	IT	B	it	https://www.tgcom24.mediaset.it/rss/homepage.xml
it_skytg24	스카이TG24	사회	IT	B	it	https://tg24.sky.it/rss/tg24.xml
it_ilpost	일포스트	사회	IT	B	it	https://www.ilpost.it/feed/
it_fatto	일파토쿼티디아노	정치	IT	B	it	https://www.ilfattoquotidiano.it/feed/
it_ilgiornale	일조르날레	정치	IT	B	it	https://www.ilgiornale.it/feed.xml
it_agi	AGI	사회	IT	B	it	https://www.agi.it/cronaca/rss
it_adnkronos	아드엔크로노스	사회	IT	B	it	https://www.adnkronos.com/rss/
it_gazzetta	가제타 델로 스포르트	스포츠	IT	B	it	https://www.gazzetta.it/rss/home.xml
it_lastampa	라스탐파	국제	IT	B	it	https://www.lastampa.it/rss/copertina.xml
ca_cbc_top	CBC 주요뉴스	국제	CA	B	en	https://www.cbc.ca/webfeed/rss/rss-topstories
ca_cbc_canada	CBC 캐나다	사회	CA	B	en	https://www.cbc.ca/webfeed/rss/rss-canada
ca_cbc_politics	CBC 정치	정치	CA	B	en	https://www.cbc.ca/webfeed/rss/rss-politics
ca_cbc_business	CBC 비즈니스	금융경제	CA	B	en	https://www.cbc.ca/webfeed/rss/rss-business
ca_cbc_world	CBC 세계	국제	CA	B	en	https://www.cbc.ca/webfeed/rss/rss-world
ca_cbc_sports	CBC 스포츠	스포츠	CA	B	en	https://www.cbc.ca/webfeed/rss/rss-sports
ca_cbc_tech	CBC 테크	테크	CA	B	en	https://www.cbc.ca/webfeed/rss/rss-technology
ca_cbc_arts	CBC 문화	문화	CA	B	en	https://www.cbc.ca/webfeed/rss/rss-arts
ca_ctv	CTV 뉴스	사회	CA	B	en	https://www.ctvnews.ca/rss/ctvnews-ca-top-stories-public-rss-1.822009
ca_globalnews	글로벌뉴스	사회	CA	B	en	https://globalnews.ca/feed/
ca_nationalpost	내셔널포스트	정치	CA	B	en	https://nationalpost.com/feed/
ca_financialpost	파이낸셜포스트	금융경제	CA	B	en	https://financialpost.com/feed/
ca_lapresse	라프레스	사회	CA	B	fr	https://www.lapresse.ca/actualites/rss
ca_macleans	매클린스	정치	CA	C	en	https://macleans.ca/feed/
fr_lemonde_intl	르몽드 국제	국제	FR	B	fr	https://www.lemonde.fr/international/rss_full.xml
fr_lemonde_politique	르몽드 정치	정치	FR	B	fr	https://www.lemonde.fr/politique/rss_full.xml
fr_lemonde_societe	르몽드 사회	사회	FR	B	fr	https://www.lemonde.fr/societe/rss_full.xml
fr_lemonde_sport	르몽드 스포츠	스포츠	FR	B	fr	https://www.lemonde.fr/sport/rss_full.xml
fr_lemonde_culture	르몽드 문화	문화	FR	B	fr	https://www.lemonde.fr/culture/rss_full.xml
fr_lemonde_pixels	르몽드 픽셀(테크)	테크	FR	B	fr	https://www.lemonde.fr/pixels/rss_full.xml
fr_liberation	리베라시옹	정치	FR	B	fr	https://www.liberation.fr/arc/outboundfeeds/rss-all/?outputType=xml
fr_20minutes	20미뉘트	사회	FR	B	fr	https://www.20minutes.fr/feeds/rss-une.xml
fr_bfmtv	BFMTV	사회	FR	B	fr	https://www.bfmtv.com/rss/news-24-7/
fr_ouestfrance	웨스트프랑스	사회	FR	B	fr	https://www.ouest-france.fr/rss/une
fr_lesechos	레제코	금융경제	FR	B	fr	https://syndication.lesechos.fr/rss/rss_une.xml
fr_leparisien	르파리지앵	사회	FR	B	fr	https://feeds.leparisien.fr/leparisien/rss
fr_lexpress	렉스프레스	정치	FR	B	fr	https://www.lexpress.fr/arc/outboundfeeds/rss/alaune.xml
fr_fi_politique	프랑스앵포 정치	정치	FR	B	fr	https://www.francetvinfo.fr/politique.rss
fr_fi_eco	프랑스앵포 경제	금융경제	FR	B	fr	https://www.francetvinfo.fr/economie.rss
fr_fi_monde	프랑스앵포 세계	국제	FR	B	fr	https://www.francetvinfo.fr/monde.rss
fr_fi_sports	프랑스앵포 스포츠	스포츠	FR	B	fr	https://www.francetvinfo.fr/sports.rss
fr_lequipe	레키프	스포츠	FR	B	fr	https://dwh.lequipe.fr/api/edito/rss?path=/
mx_excelsior	엑셀시오르	사회	MX	B	es	https://www.excelsior.com.mx/rss.xml
mx_aristegui	아리스테기 노티시아스	정치	MX	B	es	https://aristeguinoticias.com/feed/
mx_animalpolitico	아니말 폴리티코	정치	MX	B	es	https://www.animalpolitico.com/feed/
mx_sinembargo	신엠바르고	정치	MX	B	es	https://www.sinembargo.mx/feed
mx_infobae	인포바에 멕시코	사회	MX	B	es	https://www.infobae.com/arc/outboundfeeds/rss/category/mexico/
mx_elsol	엘솔데멕시코	사회	MX	B	es	https://www.elsoldemexico.com.mx/rss.xml
mx_forbes	포브스 멕시코	금융경제	MX	B	es	https://www.forbes.com.mx/feed/
mx_record	레코르	스포츠	MX	B	es	https://www.record.com.mx/rss.xml
mx_radioformula	라디오포르물라	사회	MX	B	es	https://www.radioformula.com.mx/rss/
mx_gnews_search	구글뉴스 검색: 멕시코	사회	MX	B	es	https://news.google.com/rss/search?q=M%C3%A9xico+when:1d&hl=es-419&gl=MX&ceid=MX:es-419
ch_20min	20미누텐	사회	CH	B	de	https://partner-feeds.20min.ch/rss/20minuten
ch_blick	블리크	사회	CH	B	de	https://www.blick.ch/rss.xml
ch_watson	왓슨	사회	CH	B	de	https://www.watson.ch/api/2.0/rss/index.xml
ch_srf_intl	SRF 국제	국제	CH	B	de	https://www.srf.ch/news/bnf/rss/1922
ch_srf_schweiz	SRF 스위스	사회	CH	B	de	https://www.srf.ch/news/bnf/rss/1890
ch_srf_sport	SRF 스포츠	스포츠	CH	B	de	https://www.srf.ch/sport/bnf/rss/718
ch_finews	파이뉴스	금융경제	CH	B	de	https://www.finews.ch/news?format=feed&type=rss
ch_swissinfo_en	스위스인포(영어)	국제	CH	B	en	https://www.swissinfo.ch/eng/rss/latest-news
ch_24heures	24외르	사회	CH	B	fr	https://www.24heures.ch/rss.html
ch_tdg	트리뷴 드 주네브	사회	CH	B	fr	https://www.tdg.ch/rss.html
ch_rts_suisse	RTS 스위스	사회	CH	B	fr	https://www.rts.ch/info/suisse/?format=rss/news
nl_nos_binnen	NOS 국내	사회	NL	B	nl	https://feeds.nos.nl/nosnieuwsbinnenland
nl_nos_buiten	NOS 해외	국제	NL	B	nl	https://feeds.nos.nl/nosnieuwsbuitenland
nl_nos_sport	NOS 스포츠	스포츠	NL	B	nl	https://feeds.nos.nl/nossportalgemeen
nl_nos_tech	NOS 테크	테크	NL	B	nl	https://feeds.nos.nl/nosnieuwstech
nl_nos_cultuur	NOS 문화	문화	NL	B	nl	https://feeds.nos.nl/nosnieuwscultuurenmedia
nl_nu_binnen	NU.nl 국내	사회	NL	B	nl	https://www.nu.nl/rss/Binnenland
nl_nu_buiten	NU.nl 해외	국제	NL	B	nl	https://www.nu.nl/rss/Buitenland
nl_nu_sport	NU.nl 스포츠	스포츠	NL	B	nl	https://www.nu.nl/rss/Sport
nl_nu_tech	NU.nl 테크	테크	NL	B	nl	https://www.nu.nl/rss/Tech
nl_telegraaf	텔레흐라프	사회	NL	B	nl	https://www.telegraaf.nl/rss
nl_ad	AD	사회	NL	B	nl	https://www.ad.nl/home/rss.xml
nl_parool	파롤	사회	NL	B	nl	https://www.parool.nl/rss.xml
nl_trouw	트라우	정치	NL	B	nl	https://www.trouw.nl/rss.xml
nl_rtl	RTL 뉴스	사회	NL	B	nl	https://www.rtl.nl/rss.xml
nl_tweakers	트위커스	테크	NL	B	nl	https://feeds.feedburner.com/tweakers/mixed
es_ep_intl	엘파이스 국제	국제	ES	B	es	https://feeds.elpais.com/mrss-s/pages/ep/site/elpais.com/section/internacional/portada
es_ep_espana	엘파이스 스페인	정치	ES	B	es	https://feeds.elpais.com/mrss-s/pages/ep/site/elpais.com/section/espana/portada
es_ep_deportes	엘파이스 스포츠	스포츠	ES	B	es	https://feeds.elpais.com/mrss-s/pages/ep/site/elpais.com/section/deportes/portada
es_ep_cultura	엘파이스 문화	문화	ES	B	es	https://feeds.elpais.com/mrss-s/pages/ep/site/elpais.com/section/cultura/portada
es_ep_tec	엘파이스 테크	테크	ES	B	es	https://feeds.elpais.com/mrss-s/pages/ep/site/elpais.com/section/tecnologia/portada
es_abc	ABC 스페인	정치	ES	B	es	https://www.abc.es/rss/2.0/portada/
es_lavanguardia	라방과르디아	사회	ES	B	es	https://www.lavanguardia.com/rss/home.xml
es_20minutos	20미누토스	사회	ES	B	es	https://www.20minutos.es/rss/
es_eldiario	엘디아리오	정치	ES	B	es	https://www.eldiario.es/rss/
es_elconfidencial	엘콘피덴시알	정치	ES	B	es	https://rss.elconfidencial.com/espana/
es_publico	푸블리코	정치	ES	B	es	https://www.publico.es/rss/
es_larazon	라라손	정치	ES	B	es	https://www.larazon.es/rss/portada.xml
es_cincodias	신코디아스	금융경제	ES	B	es	https://feeds.elpais.com/mrss-s/pages/ep/site/cincodias.elpais.com/portada
es_marca	마르카	스포츠	ES	B	es	https://e00-marca.uecdn.es/rss/portada.xml
es_as	AS	스포츠	ES	B	es	https://as.com/rss/tags/ultimas_noticias.xml
gnews_sg_world	구글뉴스 SG 세계	국제	SG	B	en	https://news.google.com/rss/headlines/section/topic/WORLD?hl=en-SG&gl=SG&ceid=SG:en
gnews_sg_sci	구글뉴스 SG 과학	테크	SG	B	en	https://news.google.com/rss/headlines/section/topic/SCIENCE?hl=en-SG&gl=SG&ceid=SG:en
gnews_gb_world	구글뉴스 GB 세계	국제	GB	B	en	https://news.google.com/rss/headlines/section/topic/WORLD?hl=en-GB&gl=GB&ceid=GB:en
gnews_gb_sci	구글뉴스 GB 과학	테크	GB	B	en	https://news.google.com/rss/headlines/section/topic/SCIENCE?hl=en-GB&gl=GB&ceid=GB:en
gnews_au_world	구글뉴스 AU 세계	국제	AU	B	en	https://news.google.com/rss/headlines/section/topic/WORLD?hl=en-AU&gl=AU&ceid=AU:en
gnews_au_sci	구글뉴스 AU 과학	테크	AU	B	en	https://news.google.com/rss/headlines/section/topic/SCIENCE?hl=en-AU&gl=AU&ceid=AU:en
gnews_it_world	구글뉴스 IT 세계	국제	IT	B	it	https://news.google.com/rss/headlines/section/topic/WORLD?hl=it&gl=IT&ceid=IT:it
gnews_it_sci	구글뉴스 IT 과학	테크	IT	B	it	https://news.google.com/rss/headlines/section/topic/SCIENCE?hl=it&gl=IT&ceid=IT:it
gnews_ca_world	구글뉴스 CA 세계	국제	CA	B	en	https://news.google.com/rss/headlines/section/topic/WORLD?hl=en-CA&gl=CA&ceid=CA:en
gnews_ca_sci	구글뉴스 CA 과학	테크	CA	B	en	https://news.google.com/rss/headlines/section/topic/SCIENCE?hl=en-CA&gl=CA&ceid=CA:en
gnews_fr_world	구글뉴스 FR 세계	국제	FR	B	fr	https://news.google.com/rss/headlines/section/topic/WORLD?hl=fr&gl=FR&ceid=FR:fr
gnews_fr_sci	구글뉴스 FR 과학	테크	FR	B	fr	https://news.google.com/rss/headlines/section/topic/SCIENCE?hl=fr&gl=FR&ceid=FR:fr
gnews_mx_world	구글뉴스 MX 세계	국제	MX	B	es	https://news.google.com/rss/headlines/section/topic/WORLD?hl=es-419&gl=MX&ceid=MX:es-419
gnews_mx_sci	구글뉴스 MX 과학	테크	MX	B	es	https://news.google.com/rss/headlines/section/topic/SCIENCE?hl=es-419&gl=MX&ceid=MX:es-419
gnews_ch_world	구글뉴스 CH 세계	국제	CH	B	de	https://news.google.com/rss/headlines/section/topic/WORLD?hl=de-CH&gl=CH&ceid=CH:de
gnews_ch_sci	구글뉴스 CH 과학	테크	CH	B	de	https://news.google.com/rss/headlines/section/topic/SCIENCE?hl=de-CH&gl=CH&ceid=CH:de
gnews_nl_world	구글뉴스 NL 세계	국제	NL	B	nl	https://news.google.com/rss/headlines/section/topic/WORLD?hl=nl&gl=NL&ceid=NL:nl
gnews_nl_sci	구글뉴스 NL 과학	테크	NL	B	nl	https://news.google.com/rss/headlines/section/topic/SCIENCE?hl=nl&gl=NL&ceid=NL:nl
gnews_es_world	구글뉴스 ES 세계	국제	ES	B	es	https://news.google.com/rss/headlines/section/topic/WORLD?hl=es&gl=ES&ceid=ES:es
gnews_es_sci	구글뉴스 ES 과학	테크	ES	B	es	https://news.google.com/rss/headlines/section/topic/SCIENCE?hl=es&gl=ES&ceid=ES:es
